Fern;Bolivar;fern.bolivar@gmail.com;gwerty
Holly;Bibby;holly.bibby@gmail.com;1g2w3e4r
Ronna;Matley;ronna.matley@gmail.com;gwerty123
Tifany;Pettengill;tifany.pettengill@gmail.com;zag12wsx
Angeles;Loftis;angeles.loftis@gmail.com;7777777
Tiara;Dinardo;tiara.dinardo@gmail.com;qwerty1
Owen;Juergens;owen.juergens@gmail.com;1q2w3e4r
Shella;Tolman;shella.tolman@gmail.com;987654321
Alayna;Marmon;alayna.marmon@gmail.com;222222
Jenell;Hosack;jenell.hosack@gmail.com;qwe123
Clay;Orick;clay.orick@gmail.com;qwerty123
Arnetta;Fitzwater;arnetta.fitzwater@gmail.com;zxcvbnm
Emerson;Peters;emerson.peters@gmail.com;555555
Chance;Suess;chance.suess@gmail.com;112233
Pearlie;Gaughan;pearlie.gaughan@gmail.com;fuckyou
Karey;Derbyshire;karey.derbyshire@gmail.com;asdfghjkl
Regan;Millender;regan.millender@gmail.com;12345a
Myrtis;Figeroa;myrtis.figeroa@gmail.com;123123123
Kenneth;Macrae;kenneth.macrae@gmail.com;1q2w3e
Carmine;Acevedo;carmine.acevedo@gmail.com;qazwsx
Danuta;Gaymon;danuta.gaymon@gmail.com;computer
Darrin;Zaremba;darrin.zaremba@gmail.com;aaaaaa
Bess;Waynick;bess.waynick@gmail.com;159753
Jan;Duchesne;jan.duchesne@gmail.com;iloveyou1
Jestine;Hagans;jestine.hagans@gmail.com;fuckyou1
Carmelia;Scher;carmelia.scher@gmail.com;
Mistie;Jaffe;mistie.jaffe@gmail.com;princess
Ellis;Elvira;ellis.elvira@gmail.com;789456123
Latonya;Putman;latonya.putman@gmail.com;11111111
Kenia;Fenster;kenia.fenster@gmail.com;123654
