Erminia;Seaman;erminia.seaman@gmail.com;123456
Talisha;Sumler;talisha.sumler@gmail.com;123456789
Herman;Bosarge;herman.bosarge@gmail.com;111111
Ashanti;Tolan;ashanti.tolan@gmail.com;password
Mabelle;Willms;mabelle.willms@gmail.com;qwerty
Leonia;Marten;leonia.marten@gmail.com;abc123
Rasheeda;Overlock;rasheeda.overlock@gmail.com;12345678
Dallas;Kubacki;dallas.kubacki@gmail.com;password1
Toccara;Tegeler;toccara.tegeler@gmail.com;1234567
Rigoberto;Clements;rigoberto.clements@gmail.com;123123
Katheleen;Sheller;katheleen.sheller@gmail.com;1234567890
Stephine;Hazel;stephine.hazel@gmail.com;0
Telma;Cinnamon;telma.cinnamon@gmail.com;12345
Daria;Biello;daria.biello@gmail.com;iloveyou
Mirella;Dargie;mirella.dargie@gmail.com;1q2w3e4r5t
Tonya;Vogel;tonya.vogel@gmail.com;1234
Mohammad;Kullman;mohammad.kullman@gmail.com;123456a
Caroyln;Kwong;caroyln.kwong@gmail.com;qwertyuiop
Lewis;Spector;lewis.spector@gmail.com;monkey
Genesis;Mattison;genesis.mattison@gmail.com;123321
Brendon;Callery;brendon.callery@gmail.com;dragon
Erlene;Wheeless;erlene.wheeless@gmail.com;654321
Kerry;Pentecost;kerry.pentecost@gmail.com;666666
Paulette;Florey;paulette.florey@gmail.com;123
Kandace;Rahman;kandace.rahman@gmail.com;myspace1
Christine;Rieser;christine.rieser@gmail.com;a123456
Manuel;Jara;manuel.jara@gmail.com;121212
Amina;Chatham;amina.chatham@gmail.com;1qaz2wsx
Hyman;Steinberger;hyman.steinberger@gmail.com;123qwe
Dean;Barbagallo;dean.barbagallo@gmail.com;123abc
