1;Erminia;Seaman;address;address;91120;erminia.seaman@gmail.com;0123456789;123456;path;0
2;Talisha;Sumler;address;address;91120;talisha.sumler@gmail.com;0123456789;123456789;path;0
3;Herman;Bosarge;address;address;91120;herman.bosarge@gmail.com;0123456789;111111;path;0
4;Ashanti;Tolan;address;address;91120;ashanti.tolan@gmail.com;0123456789;password;path;0
5;Mabelle;Willms;address;address;91120;mabelle.willms@gmail.com;0123456789;qwerty;path;0
6;Leonia;Marten;address;address;91120;leonia.marten@gmail.com;0123456789;abc123;path;0
7;Rasheeda;Overlock;address;address;91120;rasheeda.overlock@gmail.com;0123456789;12345678;path;0
8;Dallas;Kubacki;address;address;91120;dallas.kubacki@gmail.com;0123456789;password1;path;0
9;Toccara;Tegeler;address;address;91120;toccara.tegeler@gmail.com;0123456789;1234567;path;0
10;Rigoberto;Clements;address;address;91120;rigoberto.clements@gmail.com;0123456789;123123;path;0
11;Katheleen;Sheller;address;address;91120;katheleen.sheller@gmail.com;0123456789;1234567890;path;0
12;Stephine;Hazel;address;address;91120;stephine.hazel@gmail.com;0123456789;0;path;0
13;Telma;Cinnamon;address;address;91120;telma.cinnamon@gmail.com;0123456789;12345;path;0
14;Daria;Biello;address;address;91120;daria.biello@gmail.com;0123456789;iloveyou;path;0
15;Mirella;Dargie;address;address;91120;mirella.dargie@gmail.com;0123456789;1q2w3e4r5t;path;0
16;Tonya;Vogel;address;address;91120;tonya.vogel@gmail.com;0123456789;1234;path;0
17;Mohammad;Kullman;address;address;91120;mohammad.kullman@gmail.com;0123456789;123456a;path;0
18;Caroyln;Kwong;address;address;91120;caroyln.kwong@gmail.com;0123456789;qwertyuiop;path;0
19;Lewis;Spector;address;address;91120;lewis.spector@gmail.com;0123456789;monkey;path;0
20;Genesis;Mattison;address;address;91120;genesis.mattison@gmail.com;0123456789;123321;path;0
21;Brendon;Callery;address;address;91120;brendon.callery@gmail.com;0123456789;dragon;path;0
22;Erlene;Wheeless;address;address;91120;erlene.wheeless@gmail.com;0123456789;654321;path;0
23;Kerry;Pentecost;address;address;91120;kerry.pentecost@gmail.com;0123456789;666666;path;0
24;Paulette;Florey;address;address;91120;paulette.florey@gmail.com;0123456789;123;path;0
25;Kandace;Rahman;address;address;91120;kandace.rahman@gmail.com;0123456789;myspace1;path;0
26;Christine;Rieser;address;address;91120;christine.rieser@gmail.com;0123456789;a123456;path;0
27;Manuel;Jara;address;address;91120;manuel.jara@gmail.com;0123456789;121212;path;0
28;Amina;Chatham;address;address;91120;amina.chatham@gmail.com;0123456789;1qaz2wsx;path;0
29;Hyman;Steinberger;address;address;91120;hyman.steinberger@gmail.com;0123456789;123qwe;path;0
30;Dean;Barbagallo;address;address;91120;dean.barbagallo@gmail.com;0123456789;123abc;path;0
